"伊","イ, かれ","Italy, that one"
"智","チ","wisdom, intellect, reason"
"弘","コウ, グ, ひろ.い","vast, broad, wide"
"彦","ゲン, ひこ","lad, boy (ancient)"
"阿","ア, オ, おもね.る, くま","Africa, flatter, fawn upon, corner, nook, recess"
"李","リ, すもも","plum"
"浩","コウ, おおき.い, ひろ.い","wide expanse, abundance, vigorous"
"菱","リョウ, ひし","diamond (shape), water chestnut, rhombus"
"宏","コウ, ひろ.い","wide, large"
"幌","コウ, ほろ, とばり","canopy, awning, hood, curtain"
"之","シ, の, これ, ゆく, この","of, this"
"梶","ビ, かじ, こずえ","sculling oar"
"昌","ショウ, さかん","prosperous, bright, clear"
"靖","セイ, ジョウ, やす.んじる","peaceful"
"也","ヤ, エ, なり, か, また","to be (classical)"
"旭","キョク, あさひ","rising sun, morning sun"
"磯","キ, いそ","seashore, beach"
"孜","シ, つと.める","industriousness"
"笠","リュウ, かさ","bamboo hat, one's influence"
"聡","ソウ, さと.い, みみざと.い","wise, fast learner"
"曙","ショ, あけぼの","dawn, daybreak"
"筑","チク","an ancient musical instrument"
"萩","シュウ, はぎ","bush clover"
"栗","リツ, リ, くり, おののく","chestnut"
"嘉","カ, よみ.する, よい","applaud, praise, esteem, happy, auspicious"
"篠","ゾウ, ショウ, しの, ささ, すず","bamboo grass"
"菅","カン, ケン, すげ","sedge"
"俣","また","crotch, thigh, groin, fork, junction, (kokuji)"
"淵","エン, カク, コウ, ふち, かた.い, はなわ","abyss, edge, deep pool, the depths"
"辰","シン, ジン, たつ","sign of the dragon, 7-9AM, fifth sign of Chinese zodiac, shin dragon radical (no. 161)"
"霞","カ, ゲ, かすみ, かす.む","be hazy, grow dim, blurred"
"柏","ハク, ヒャク, ビャク, かしわ","oak, cypress"
"辻","つじ","crossing, crossroad, street corners, (kokuji)"
"淳","ジュン, シュン, あつ.い","pure"
"荻","テキ, おぎ","reed, rush"
"鳩","キュウ, ク, はと, あつ.める","pigeon, dove"
"柴","サイ, シ, しば","brush, firewood"
"桂","ケイ, かつら","Japanese Judas-tree, cinnamon tree"
"晋","シン, すす.む","advance"
"晃","コウ, あきらか","clear"
"桐","トウ, ドウ, きり","paulownia"
"鷹","ヨウ, オウ, たか","hawk"
"猪","チョ, い, いのしし","boar"
"紘","コウ, おおづな, つな, つなぐ","large"
"庄","ショウ, ソ, ソウ, ホウ","level, in the country, manor, village, hamlet"
"敦","トン, タイ, ダン, チョウ, あつ.い","industry, kindliness"
"磐","バン, ハン, いわ","rock, crag, cliff, wall (in a mine)"
"祐","ユウ, ウ, たす.ける","help"
"鵬","ホウ, おおとり","phoenix"
"亘","コウ, カン, セン, わた.る, もと.める","span, range, extend over"
"鄭","テイ, ジョウ","an ancient Chinese province"
"芦","ロ, あし, よし","reed, bullrush"
"笹","ささ","bamboo grass, (kokuji)"
"釧","セン, くしろ, うでわ","bracelet"
"綾","リン, あや","design, figured cloth, twill"
"毅","キ, ギ, つよ.い","strong"
"稔","ネン, ジン, ニン, みの.る, みのり","harvest, ripen"
"函","カン, はこ, い.れる","box (archaic)"
"鴨","オウ, かも, あひる","wild duck, easy mark"
"樋","トウ, ひ, とい","water pipe, gutter, downspout, conduit"
"楊","ヨウ, やなぎ","willow"
"駿","シュン, スン, すぐ.れる","a good horse, speed, a fast person"
"亮","リョウ, あきらか","clear, help"
"吾","ゴ, われ, わが-, あ-","I, my, our, one's own"
"椿","チン, チュン, つばき","camellia"
"圭","ケイ, ケ","square jewel, corner, angle, edge"
"蓮","レン, はす, はちす","lotus"
"堺","カイ, さかい","world"
"窪","ワ, ア, くぼ.む, くぼ.み, くぼ.まる, くぼ","depression, cave in, sink, become hollow"
"雀","ジャク, ジャン, サク, シャク, すずめ","sparrow"
"畠","はたけ, はた","field, farm, garden, (kokuji)"
"瑞","ズイ, スイ, みず-, しるし","congratulations"
"伍","ゴ, いつつ","five, five-man squad, file, line"
"蘭","ラン, ラ","orchid, Holland"
"蒲","ホ, ボ, フ, ブ, がま, かば, かま","bullrush, flag, cattail"
"秦","シン, はた","Manchu dynasty, name given to naturalized foreigners"
"茅","ボウ, ミョウ, かや, ちがや","miscanthus reed"
"輔","ホ, フ, たす.ける","help"
"湘","ショウ","name of Chinese river, the Sagami river"
"灘","タン, ダン, なだ, せ","open sea"
"堰","エン, せき, せ.く","dam, prevent, stop up"
"獅","シ, しし","lion"
"郁","イク","cultural progress, perfume"
"鷲","シュウ, ジュ, わし","eagle"
"楠","ナン, ダン, ゼン, ネン, くす, くすのき","camphor tree"
"芥","カイ, ケ, からし, ごみ, あくた","mustard, rape, dust, trash, rubbish"
"其","キ, ギ, ゴ, それ, その","that"
"玲","レイ","sound of jewels"
"翔","ショウ, かけ.る, と.ぶ","soar, fly"
"肇","チョウ, ジョウ, トウ, はじ.める, はじめ","beginning"
"榎","カ, えのき","lotus tree, nettle tree, hackberry"
"劉","リュウ, ル, ころ.す","weapon of war, logging axe, kill en masse, peeling (paint off a wall, etc), sparse, faded"
"幡","マン, ハン, バン, ホン, はた","flag"
"諏","シュ, ス, そう, はか.る","consult"
"亨","コウ, キョウ, ホウ, とお.る","pass through, go smoothly"
"嶺","レイ, リョウ, みね","peak, summit"
"喬","キョウ, たか.い","high, boasting"
"琵","ビ, ヒ","glissando on strings, lute"
"琶","ハ, ベ, ワ","lute"
"蘇","ソ, ス, よみがえ.る","be resuscitated, revived, perilla, shiso"
"寅","イン, とら","sign of the tiger, 3-5AM, third sign of Chinese zodiac"
"乃","ナイ, ダイ, ノ, アイ, の, すなわ.ち, なんじ","from, possessive particle, whereupon, accordingly"
"洲","シュウ, ス, しま","continent, sandbar, island, country"
"樽","ソン, たる","barrel, cask, keg"
"樺","カ, かば, かんば","birch, dark red"
"槙","テン, シン, まき, こずえ","twig, ornamental evergreen"
"薩","サツ, サチ","salvation, Buddha"
"巌","ガン, いわ, いわお, けわ.しい","rock, crag, boulder"
"淀","テン, デン, よど.む","pool, eddy"
"胡","ウ, コ, ゴ, なんぞ","barbarian, foreign"
"峻","シュン, けわ.しい, たか.い","high, steep"
"哨","ショウ, みはり","scout, sentinel"
"槻","キ, つき","Zelkova tree"
"蝶","チョウ","butterfly"
"梁","リョウ, はり, うつばり, うちばり, やな, はし","weir, fish trap, beam, girder"
"琢","タク, みが.く","polish"
"箕","キ, み","winnowing"
"芭","バ, ハ","banana"
"逗","トウ, ズ, とど.まる","stop"
"楢","シュウ, ユウ, なら","oak"
"蕉","ショウ","banana, plantain"
"兜","トウ, ト, かぶと","helmet, head piece"
"琉","リュウ, ル","precious stone, gem, lapis lazuli"
"朋","ホウ, とも","companion, friend"
"烏","ウ, オ, からす, いずくんぞ, なんぞ","crow, raven"
"奄","エン, おお.う, たちまち","cover, suffocate, obstruct"
"遼","リョウ","distant"
"橘","キツ, たちばな","mandarin orange"
"漱","ソウ, シュウ, ス, くちすす.ぐ, くちそそ.ぐ, うがい, すす.ぐ","gargle, rinse mouth"
"桧","カイ, ひのき, ひ","Japanese cypress"
"宋","ソウ","dwell, Sung dynasty"
"苑","エン, オン, その, う.つ","garden, farm, park"
"巽","ソン, たつみ","southeast"
"杜","ト, トウ, ズ, もり, ふさ.ぐ, やまなし","woods, grove"
"欣","キン, ゴン, コン, よろこ.ぶ, よろこ.び","take pleasure in, rejoice"
"篇","ヘン","volume, chapter, book, editing, compilation"
"此","シ, これ, この, ここ","this, current, next, coming, last, past"
"巴","ハ, ともえ, うずまき","comma-design"
"禎","テイ, さいわ.い","happiness, blessed, good fortune, auspicious"
"菩","ボ","kind of grass, sacred tree"
"檜","カイ, ひのき, ひ","Japanese cypress"
"稜","リョウ, ロウ, いつ, かど","angle, edge, corner, power, majesty"
"牟","ボウ, ム","pupil (eye), moo (cow sound)"
"榊","さかき","sacred Shinto tree, (kokuji)"
"錫","セキ, シャク, すず, たま.う","copper, tin"
"倭","ワ, イ, やまと, したが.う","Yamato, ancient Japan"
"廟","ビョウ, ミョウ, たまや, みたまや, やしろ","mausoleum, shrine, palace"
"斐","ヒ, イ","beautiful, patterned"
"魁","カイ, さきがけ, かしら","charging ahead of others"
"鴻","コウ, ゴウ, おおとり, ひしくい, おおがり","large bird, wild goose, large, great, powerful, prosperous"
"於","オ, ヨ, おい.て, お.ける, ああ, より","at, in, on, as for"
"赳","キュウ","strong and brave"
"逢","ホウ, あ.う, むか.える","meeting, tryst, date, rendezvous"
"凧","いかのぼり, たこ","kite, (kokuji)"
"鵜","テイ, ダイ, う","cormorant"
"庵","アン, いおり, いお","hermitage, retreat"
"葵","キ, あおい","hollyhock"
"禄","ロク, さいわ.い, ふち","fief, allowance, pension, grant, happiness"
"孟","モウ, ボウ, ミョウ, かしら","chief, beginning"
"狼","ロウ, おおかみ","wolf"
"尖","セン, とが.る, さき, するど.い","be pointed, sharp, taper, displeased, angry, edgy"
"尭","ギョウ, たか.い","high, far"
"卿","ケイ, キョウ, きみ","you, lord, secretary, state minister"
"已","イ, や.む, すで.に, のみ, はなはだ","stop, halt, previously, already, long ago"
"巳","シ, み","sign of the snake or serpent, 9-11AM, sixth sign of Chinese zodiac"
"暢","チョウ, のび.る","stretch"
"粟","ゾク, ショク, ソク, あわ, もみ","millet"
"燕","エン, つばめ, つばくら, つばくろ","swallow (bird)"
"綴","テイ, テツ, テチ, ゲツ, と.じる, つづ.る, つづり, すみ.やか","compose, spell, write, bind (books)"
"埴","ショク, はに, へな","clay"
"魯","ロ, おろか","foolish, Russia"
"牡","ボ, ボウ, おす, お-, おん-","male"
"芹","キン, せり","parsley"
"杏","キョウ, アン, コウ, あんず","apricot"
"迦","カ, ケ","(used phonetically)"
"鳳","ホウ, フウ","male mythical bird"
"馨","ケイ, キョウ, かお.る, かおり","fragrant, balmy, favourable"
"蔭","イン, オン, かげ","shade, shadow, backing assistance"
"慧","ケイ, エ, さとい","wise"
"祇","ギ, キ, シ, くにつかみ, ただ, まさに","national or local god, peaceful, great"
"鷺","ロ, さぎ","heron"
"彬","ヒン, フン, うるわ.しい, あき.らか","refined, gentle"
"袴","コ, ク, はかま, ずぼん","men's formal divided skirt"
"匡","キョウ, オウ, すく.う, ただ.す","correct, save, assist"
"讃","サン, ほ.める, たた.える","praise, title on a picture"
"欽","キン, コン, つつし.む","respect, revere, long for"
"湛","タン, チン, ジン, セン, しず.む, たた.える","fill, wear (a smile), clear, pure, dense, deep"
"挺","チョウ, テイ, ぬ.く","bravely volunteer, counter for guns, inksticks, palanquins, rickshaws"
"嵯","サ, シ","steep, craggy, rugged"
"雁","ガン, かり, かりがね","wild goose"
"佃","テン, デン, つくだ","cultivated rice field"
"綜","ソウ, おさ.める, す.べる","rule, synthesize"
"翠","スイ, かわせみ, みどり","green, kingfisher"
"鮎","デン, ネン, あゆ, なまず","freshwater trout, smelt"
"播","ハ, バン, ハン, ま.く","plant, sow"
"榛","シン, ハン, はしばみ, はり","hazelnut, filbert"
"帖","チョウ, ジョウ, かきもの","quire (of paper), bundle of seaweed, counter for screens, notebook"
"桶","ヨウ, トウ, おけ","tub, bucket"
"惣","ソウ, すべ.て","all"
"鞍","アン, くら","saddle"
"蔦","チョウ, つた","vine, ivy"
"萱","ケン, かや, かんぞう","miscanthus reed"
"梯","テイ, タイ, はしご","ladder, stairs, insatiable drinking"
"雫","ダ, しずく","drop, trickle, dripping, (kokuji)"
"絆","ハン, きずな, ほだ.す, つな.ぐ","bonds, fetters"
"湊","ソウ, みなと, あつ.まる","port, harbor"
"隼","シュン, ジュン, はやぶさ","falcon"
"舵","ダ, タ, かじ","rudder, helm, wheel"
"渚","ショ, なぎさ","strand, beach, shore"
"珂","カ","jewel"
"稀","キ, ケ, まれ, まばら","rare, phenomenal, dilute (acid)"
"峨","ガ, けわ.しい","high mountain"
"芙","フ","lotus, Mt Fuji"
"皐","コウ, さつき","swamp, shore, fifth month"
"雛","スウ, ス, ジュ, ひな, ひよこ","chick, squab, duckling, doll"
"惟","イ, ユイ, おも.んみる, これ, おも.うに","consider, reflect, think"
"宕","トウ, すぎる","cave"
"喧","ケン, やかま.しい, かまびす.しい","noisy, boisterous"
"佑","ユウ, ウ, たす.ける","help, assist"
"樟","ショウ, くす","camphor"
"耀","ヨウ, かがや.く, ひかり","shine, sparkle, gleam, twinkle"
"黛","タイ, まゆずみ","blackened eyebrows"
"櫛","シツ, くし, くしけず.る","comb"
"渥","アク, あつ.い, うるお.う","kindness, moisten"
"濡","ジュ, ニュ, ぬれ.る, ぬら.す, ぬ.れる, ぬ.らす, うるお.い, うるお.う, うるお.す","get wet, damp, make love"
"槍","ソウ, ショウ, やり","spear, lance, javelin"
"惇","シュン, ジュン, トン, あつ.い","sincere, kind, considerate"
"脩","シュウ, おさ.める, なが.い, ほじし","dried meat"
"甫","ホ, フ, はじ.めて","for the first time, not until"
"壕","コウ, ゴウ, ほり","trench, dugout, air raid shelter"
"嬉","キ, うれ.しい, たの.しむ","glad, pleased, rejoice"
"蒼","ソウ, あお.い","blue, pale"
"粥","イク, シュク, ジュク, かゆ, かい, ひさ.ぐ","rice gruel"
"暉","キ, かが.やく","shine, light"
"捧","ホウ, ささ.げる","lift up, give, offer, consecrate, sacrifice, dedicate"
"只","シ, ただ","only, free, in addition"
"檀","ダン, タン, まゆみ","cedar, sandalwood, spindle tree"
"凱","ガイ, カイ, かちどき, やわらぐ","victory song"
"彗","スイ, エ, ケイ, セイ, ほうき","comet, broom"
"樫","かし","evergreen oak, (kokuji)"
"噂","ソン, うわさ","rumor, gossip, hearsay"
"梓","シ, あずさ","catalpa tree, woodblock printing"
"洛","ラク","Kyoto, the capital"
"醍","ダイ, タイ, テイ","whey, good Buddhist teaching"
"砦","サイ, とりで","fort, stronghold, entrenchments"
"丑","チュウ, うし","sign of the ox or cow, 1-3AM, second sign of Chinese zodiac"
"蕨","ケツ, わらび","bracken, fernbrake"
"隈","ワイ, エ, くま, すみ","corner, nook, recess"
"叶","キョウ, かな.える, かな.う","grant, answer"
"汐","セキ, しお, うしお, せい","eventide, tide, salt water, opportunity"
"絢","ケン","brilliant fabric design"
"朔","サク, ついたち","conjunction (astronomy), first day of month, north"
"伽","カ, ガ, キャ, ギャ, とぎ","nursing, attending, entertainer"
"夷","イ, えびす, えみし, ころ.す, たい.らげる","barbarian, savage, Ainu"
"杭","コウ, くい","stake, post, picket"
"寓","グウ, グ, ドウ, ぐう.する, かこつ.ける, よ.せる, よ.る, かりずまい","temporary abode, imply, suggest"
"黎","レイ, リ, くろ.い","dark, black, many"
"坐","ザ, サ, すわ.る, おわす, そぞろに, まします","sit"
"塙","カク, コウ, はなわ, かた.い","projecting tableland or mountain"
"冴","ゴ, コ, さ.える, こお.る, ひ.える","be clear, serene, cold, skilful"
"葦","イ, あし, よし, しお.れる, しな.びる, しぼ.む, な.える","reed, bullrush"
"萌","ホウ, も.える, きざ.す, めばえ, きざ.し","show symptoms of, sprout, bud, malt"
"饗","キョウ, う.ける, もてな.す","banquet"
"偲","サイ, シ, しの.ぶ","recollect, remember"
"漕","ソウ, こ.ぐ, はこ.ぶ","rowing, scull, paddle"
"杵","ショ, ソ, きね","wooden pestle"
"允","イン, じょう, まこと.に, ゆるす","license, sincerity, permit"
"蒙","モウ, ボウ, こうむ.る, おお.う, くら.い","ignorance, darkness, get, receive, be subjected to, sustain, Mongolia"
"蕃","バン, ハン","grow luxuriously"
"碓","カク, タイ, たし.か, かく.たる","pestle"
"瀕","ヒン, ほとり","shore, brink, verge"
"蒔","シ, ジ, う.える, ま.く","sow (seeds)"
"鯉","リ, こい","carp"
"竪","ジュ, たて, た.てる, こども","length, height, warp"
"遥","ヨウ, はる.か","far off, distant, long ago"
"或","ワク, コク, イキ, あ.る, あるい, あるいは","some, one, or, possibly, a certain"
"矩","ク, かね, かねざし, さしがね","ruler, carpenter's square"
"舜","シュン","type of morning glory, rose of Sharon, althea"
"杖","ジョウ, つえ","staff, cane"
"瑛","エイ","sparkle of jewelry, crystal"
"彪","ヒョウ, ヒュウ, あや","spotted, mottled, patterned, small tiger"
"卯","ボウ, モウ, う","sign of the hare or rabbit, fourth sign of Chinese zodiac, 5-7AM, east"
"撫","ブ, フ, な.でる","stroke, pat, smooth down"
"喋","チョウ, トウ, しゃべ.る, ついば.む","talk, chat, chatter"
"溢","イツ, こぼ.れる, あふ.れる, み.ちる","overflow, inundate, spill"
"揃","セン, そろ.える, そろ.う, そろ.い, き.る","be complete, uniform, all present"
"綺","キ, あや","figured cloth, beautiful"
"巷","コウ, ちまた","fork in road, scene, arena, theater"
"竿","カン, さお","pole, rod, scale beam, violin neck"
"蟹","カイ, かに","crab"
"茜","セン, あかね","madder, red dye, Turkey red"
"凌","リョウ, しの.ぐ","endure, keep (rain)out, stave off, tide over, defy, slight, surpass"
"厨","シュウ, ズ, チュ, チュウ, くりや","kitchen"
"犀","サイ, セイ","rhinoceros"
"皓","コウ, しろ.い, ひか.る","white, clear"
"洸","コウ","sparkling water"
"毬","キュウ, いが, まり","burr, ball"
"叢","ソウ, ス, くさむら, むら.がる, むら","plexus, clump of bushes, thicket"
"轟","ゴウ, コウ, とどろ.かす, とどろ.く","roar, thunder, boom resound"
"貰","セイ, シャ, もら.う","get, have, obtain"
"儲","チョ, もう.ける, もう.かる, もうけ, たくわ.える","be profitable, yield profit"
"緋","ヒ, あけ, あか","scarlet, cardinal"
"鯛","チョウ, たい","sea bream, red snapper"
"怜","レイ, レン, リョウ, あわ.れむ, さと.い","wise"
"溜","リュウ, た.まる, たま.る, た.める, したた.る, たまり, ため","collect, gather, be in arrears"
"邑","ユウ, むら","village, rural community, right village radical (no. 163)"
"碧","ヘキ, ヒャク","blue, green"
"瓜","カ, ケ, うり","melon"
"槌","ツイ, つち","hammer, mallet"
"啄","タク, ツク, トク, ついば.む, つつ.く","peck, pick up"
"穣","ジョウ, わら, ゆたか","good crops, prosperity, 10**28"
"酉","ユウ, とり","west, bird, sign of the bird, 5-7PM, tenth sign of Chinese zodiac, sake radical (no. 164)"
"蹄","テイ, ひづめ","hoof"
"悌","テイ, ダイ","serving our elders"
"楕","ダ, タ","ellipse"
"詫","タ, わび, わび.しい, かこつ, わ.びる, わび.る","apologize"
"鱒","ソン, セン, ザン, ます","salmon trout"
"惚","コツ, ほけ.る, ぼ.ける, ほ.れる","fall in love with, admire, grow senile"
"藁","コウ, わら","straw"
"柚","ユ, ユウ, ジク, ゆず","citron"
"縞","コウ, しま, しろぎぬ","stripe"
"鱗","リン, うろこ, こけ, こけら","scales (fish)"
"釘","テイ, チョウ, くぎ","nail, tack, peg"
"弛","チ, シ, たる.む, たる.める, たゆ.む, ゆる.む, ゆる.み","slacken, relax"
"壬","ニン, ジン, イ, みずのえ","9th calendar sign"
"硯","ケン, ゲン, すずり","inkstone"
"蝦","カ, ゲ, えび","shrimp, prawn, lobster"
"娃","ア, アイ, ワ, うつく.しい","beautiful"
"斡","アツ, カン, ワツ, めぐ.る, めぐ.らす","go around, rule, administer"
"按","アン, おさ.える, しら.べる","hold, consider, investigate"
"謂","イ, い.う, いい, おも.う, いわゆる","reason, origin, history, oral tradition"
"亥","ガイ, カイ, い","sign of the hog, 9-11PM, twelfth sign of the Chinese zodiac"
"鰯","いわし","sardine, (kokuji)"
"胤","イン, たね","descendent, issue, offspring"
"迂","ウ","roundabout way"
"窺","キ, うかが.う, のぞく","lie in wait, spy on, reconnoiter"
"姥","ボ, モ, うば","old woman"
"厩","キュウ, うまや","barn, stable"
"閏","ジュン, うるう","intercalation, illegitimate throne"
"云","ウン, い.う, ここに","say"
"叡","エイ, あき.らか","intelligence, imperial"
"曳","エイ, ひ.く","pull, tug, jerk, admit, install, quote, refer to"
"甥","セイ, ソウ, ショウ, おい, むこ","nephew"
"襖","オウ, ふすま, あお","opaque sliding door"
"禾","カ, いね","two-branch tree radical (no. 115)"
"茄","カ","eggplant"
"嘩","カ, ケ, かまびす.しい","noisy"
"俄","ガ, にわか","sudden, abrupt, improvised"
"臥","ガ, ふせ.る, ふ.せる, ふ.す","bend down, bow, lie prostrate"
"駕","カ, ガ, かご, が.する, しのぐ, のる","vehicle, palanquin, litter, hitch up an animal"
"廻","カイ, エ, まわ.る, まわ.す, もとお.る, めぐ.る, めぐ.らす","round, game, revolve, go around, circumference"
"恢","カイ, ケ, ひろ.い","wide, large, enlarge"
"晦","カイ, つごもり, くら.い, みそか, くら.む","dark, disappear"
"鎧","カイ, ガイ, よろ.う, よろい","put on armor, arm oneself"
"浬","リ, かいり, のっと","knot, nautical mile"
"恰","コウ, カッ, チョウ, キョウ, あたか.も","just as, as though, fortunately"
"椛","かば, もみじ","autumn foliage, birch, maple, (kokuji)"
"鞄","ハク, ホウ, ビョウ, かばん","suitcase, bag, briefcase"
"侃","カン, つよ.い","strong, just, righteous, peace-loving"
"柑","コン, カン","citrus, orange"
"莞","カン, い","smiling, reed used to cover tatami"
"徽","キ, しるし","good, beautiful, badge"
"誼","ギ, よしみ, よい","friendship, intimacy"
"掬","キク, コク, きく.す, むす.ぶ, すく.う, たなごころ","scoop up water with the hand"
"鞠","キク, キュウ, まり","ball"
"桔","キツ, ケツ","used in plant names"
"砧","チン, きぬた","fulling block"
"汲","キュウ, く.む","draw (water), ladle, scoop, pump"
"灸","キュウ, ク, やいと","moxa cautery, chastisement"
"笈","キュウ","backpack bookcase"
"鋸","キョ, コ, のこ, のこぎり","saw (cuts wood)"
"蕎","キョウ, そば","buckwheat"
"禽","キン, とり, とりこ","bird, captive, capture"
"衿","キン, コン, えり","neck, collar, lapel"
"玖","キュウ, ク","beautiful black jewel, nine"
"喰","く.う, く.らう","eat, drink, receive (a blow), (kokuji)"
"屑","セツ, くず, いさぎよ.い","rubbish, junk, trash, waste, scraps"
"沓","トウ, くつ","shoes, boots"
"鍬","ショウ, シュウ, くわ, すき","hoe with long blade at acute angle"
"袈","ケ, カ","a coarse camlet"
"祁","キ, ケ","intense, large"
"戟","ゲキ, ほこ","halbert, arms"
"訣","ケツ, わかれ, わかれ.る","separation, part, secret"
"倦","ケン, あき.る, あぐ.む, あぐ.ねる, う.む, つか.れる","lose interest in, tire of"
"捲","ケン, ま.く, ま.くる, まく.る, めく.る, まく.れる","roll, wind, coil, turn pages, roll up sleeves, strip off, be turned, be rolled up"
"牽","ケン, ひ.く","pull, tug, drag, lead by hand"
"絃","ゲン, いと","string, cord, samisen music"
"諺","ゲン, ことわざ","proverb"
"乎","コ, オ, か, ああ, かな, や, よ, を","question mark, ?"
"糊","コ, ゴ, コツ, のり","paste, glue, sizing"
"跨","コ, カ, また.がる, またが.る, また.ぐ","be, sit or stand astride, extend over, straddle"
"梧","ゴ, あおぎり","Chinese parasol tree, phoenix tree"
"檎","キン, ゴン, ゴ","apple"
"瑚","コ, ゴ","ancestral offering receptacle, coral"
"醐","ゴ, コ","boiled butter"
"倖","コウ, しあわ.せ, さいわ.い","happiness, luck"
"庚","コウ, かのえ","7th, 7th calendar sign"
"昂","コウ, ゴウ, あ.がる, たか.い, たか.ぶる","rise"
"腔","コウ","body cavity"
"膏","コウ, あぶら","fat, grease, lard, paste, ointment, plaster"
"閤","コウ, くぐりど","small side gate"
"劫","コウ, ゴウ, キョウ, おびや.かす","threat, long ages"
"忽","コツ, たちま.ち, ゆるが.せ","in a moment, instantly, all of a sudden, neglect, disregard"
"昏","コン, くら.い, くれ","dark, evening, dusk"
"些","サ, シャ, ち.と, ち.っと, いささか","a little bit, sometimes"
"叉","サ, シャ, サイ, また","fork in road, crotch"
"瑳","サ, みが.く","polish, brilliant white luster of a gem, artful smile"
"裟","サ, シャ","Buddhist surplice"
"哉","サイ, かな, や","how, what, alas, question mark, exclamation mark"
"肴","コウ, さかな","accompaniment for drinks"
"窄","サク, すぼ.める, つぼ.める, せま.い","narrow, fold, furl, shrug, pucker, shut, close"
"錆","ショウ, セイ, さび, くわ.しい","rust, tarnish"
"晒","サイ, シ, さら.す, さらし","bleach, refine, expose, air"
"撒","サン, サツ, ま.く","scatter, sprinkle, give them the slip"
"燦","サン, さん.たる, あき.らか, きらめ.く, きら.めく","brilliant"
"珊","サン, センチ, さんち","coral, centimeter"
"纂","サン, あつ.める","editing, compiling"
"仔","シ, こ, た.える","offspring (animal), detailed, fine"
"斯","シ, か, こう, か.く, この, これ, ここに","this, thus, such, verbal pause"
"爾","ジ, ニ, なんじ, しかり, その, のみ, おれ, しか","you, thou, second person"
"而","ジ, ニ, しこ.うして, しか.して, しか.も, しか.れども, すなわち, なんじ, しかるに","and yet, and then, but, however, nevertheless"
"竺","ジク, チク, トク","bamboo"
"悉","シツ, シチ, つ.きる, ことごと, ことごと.く, つ.くす, つぶさ.に","all, entirely, altogether, completely, use up, run out of, exhaust, befriend, serve"
"紗","サ, シャ, うすぎぬ","gauze, gossamer"
"勺","シャク","ladle, one tenth of a go, dip"
"灼","シャク, あらた, やく","miraculous"
"惹","ジャク, ジャ, ひ.く","attract, captivate"
"蒐","シュウ, あかね, あつ.まる, あつ.める","gather"
"輯","シュウ, あつ.める, やわ.らぐ","gather, collect, compile"
"竣","ドウ, シュン, わらわ, わらべ, おわ.る","end, finish"
"楯","ジュン, たて","shield, buckler, pretext"
"醇","ジュン, シュン, もっぱら, こい, あつい","pure sake, purity, affection"
"恕","ジョ, ショ, ゆる.す","excuse, tolerate, forgive"
"嘗","ショウ, ジョウ, かつ.て, こころ.みる, な.める","once, before, formerly, ever, never, ex-, lick, lap up, burn up, taste, undergo, underrate, despise"
"捷","ショウ, ソウ, はや.い","victory, fast"
"梢","ショウ, こずえ, くすのき","treetops, twig"
"菖","ショウ","iris"
"裳","ショウ, も, もすそ","skirt"
"鞘","ショウ, ソウ, さや","sheath, case, margin, difference, shells (of beans)"
"丞","ジョウ, ショウ, すく.う, たす.ける","help"
"燭","ソク, ショク, ともしび","light, candlepower"
"訊","ジン, シュン, シン, き.く, と.う, たず.ねる","request, question, investigate"
"錐","スイ, きり","auger, drill, awl, pyramid, cone"
"錘","スイ, つむ, おもり","weight, plumb bob, sinker, spindle"
"嵩","スウ, シュウ, かさ, かさ.む, たか.い","be aggravated, grow worse, grow bulky, swell"
"頗","ハ, すこぶ.る, かたよ.る","prejudiced, exceedingly"
"摺","ショウ, シュウ, ロウ, す.る, ひだ","rub, fold, print (on cloth)"
"棲","セイ, す.む","live, dwell"
"栖","セイ, す.む","nest, rookery, hive, cobweb, den"
"蹟","セキ, シャク, あと","remains, traces, footprint"
"碩","セキ, おお.きい","large, great, eminent"
"撰","サン, セン, せん.する, えら.む, えら.ぶ","composing, editing, compiling, selecting"
"穿","セン, うが.つ, は.く","put on (to the feet), dig, pierce, drill"
"銑","セン","pig iron"
"閃","セン, ひらめ.く, ひらめ.き, うかが.う","flash, brandish"
"噌","ソウ, ショウ, ソ, かまびす.しい","boisterous"
"楚","ソ, ショ, いばら, しもと, すわえ","whip, cane"
"疏","ソ, ショ, あら.い, うと.い, うと.む, とお.る, とお.す, まばら","pass through, note, commentary, estrangement, sparseness, neglect, penetrate"
"陀","タ, ダ, イ, チ, ジ, けわ.しい, ななめ","steep"
"苔","タイ, こけ, こけら","moss, lichen"
"托","タク, たく.する, たの.む","requesting, entrusting with, pretend, hint"
"茸","ジョウ, ニュ, きのこ, たけ, しげ.る","mushroom"
"辿","テン, たど.る, たどり","follow (road), pursue"
"坦","タン, たいら","level, wide"
"歎","タン, なげ.く, なげ.き","grief, lamentation"
"耽","タン, ふけ.る","addicted, absorbed in"
"馳","チ, ジ, は.せる","run, gallop, sail, drive (a wagon), win (fame), despatch"
"註","チュウ","notes, comment, annotate"
"寵","チョウ, めぐ.み, めぐ.む","affection, love, patronage"
"牒","チョウ, ジョウ, ふだ","label, genealogy, circular"
"脹","チョウ, は.れる, ふく.らむ, ふく.れる","dilate, distend, bulge, fill out, swell"
"柘","シャ, ジャク, そ, つげ, やまぐわ","wild mulberry"
"紬","チュウ, つむぎ, つむ.ぐ","pongee (a knotted silk cloth)"
"汀","テイ, みぎわ, なぎさ","water's edge, shore, bank"
"鼎","テイ, かなえ","three legged kettle"
"擢","テキ, タク, ぬ.く, ぬき.んでる","excel in, surpass, pull out, select"
"纏","テン, デン, まつ.わる, まと.う, まと.める, まと.まる, まと.い","wear, wrap, tie, follow around, collect"
"兎","ト, ツ, うさぎ","rabbit, hare"
"堵","ト, かき","fence, railing, enclosure"
"砥","シ, テイ, キイ, チ, と, といし, と.ぐ, みが.く","whetstone, grindstone"
"套","トウ, かさ.ねる","accumulate, big and long, hackneyed"
"祷","トウ, いの.る, いの.り, まつ.る","pray"
"董","トウ, ただ.す","correct"
"撞","ドウ, トウ, シュ, つ.く","thrust, pierce, stab, prick"
"萄","ドウ, トウ","grape vine, wild grape"
"鳶","エン, とび, とんび","black kite, fireman, hook"
"沌","トン, くら.い","primeval chaos"
"遁","トン, シュン, のが.れる","flee, escape, shirk, evade, set free"
"凪","なぎ, な.ぐ","lull, calm, (kokuji)"
"薙","テイ, チ, な.ぐ, なぎ, か.る","mow down (the enemy)"
"捺","ナツ, ダツ, さ.す, お.す","press, print, affix a seal, stamp"
"馴","ジュン, シュン, クン, な.れる, な.らす, したが.う","get used to, experienced, tamed"
"汝","ジョ, なんじ, なれ, い, うぬ, いまし, し, しゃ, な, なむち, まし, みまし","you, thou"
"賑","シン, にぎ.わい, にぎ.やか, にぎ.わす, にぎ.わう","flourish, be bustling, prosperity"
"廿","ジュウ, ニュウ, にじゅう","twenty"
"禰","ネ, デイ, ナイ","ancestral shrine"
"祢","ネ, デイ, ナイ","ancestral shrine"
"杷","ハ, つか","kind of rake, loquat"
"煤","バイ, マイ, すす","soot, smoke dried"
"這","シャ, ゲン, は.う, は.い, むか.える, この","crawl, creep, grovel, trail (vines)"
"秤","ショウ, ヒン, ビン, はかり","balances, scales, steelyard"
"箔","ハク, すだれ","foil, gilt"
"曝","バク, ホク, ボク, さら.す","bleach, refine, expose, air"
"莫","バク, ボ, マク, モ, ナイ, くれ, なか.れ, なし","must not, do not, be not"
"筈","カツ, はず, やはず","notch of an arrow, ought, must, should be, expected"
"挽","バン, ひ.く","saw, turn (lathe), grind"
"庇","ヒ, ひさし, おお.う, かば.う","protect, shield, defend, eaves, canopy, penthouse, visor"
"枇","ビ, ヒ","loquat, spoon"
"毘","ヒ, ビ, たす.ける","help, assist"
"柊","シュ, シュウ, ひいらぎ","holly"
"疋","ヒキ, ショ, ソ, ヒツ, あし","head, counter for animals"
"畢","ヒツ, おわ.る, あみ, おわ.り, ことごとく","the end, finish"
"紐","チュウ, ジュウ, ひも","string, cord, braid, lace, tape, strap, ribbon"
"瓢","ヒョウ, ひさご, ふくべ","gourd"
"豹","ヒョウ, ホウ","leopard, panther"
"斧","フ, おの","ax, hatchet"
"葡","ブ, ホ","wild grape, Portugal"
"蕪","ブ, ム, かぶ, かぶら, あれる","turnip"
"楓","フウ, かえで","maple"
"葺","シュウ, あし, ふ.く, ふき","thatch, cover, shingle, tile"
"蕗","ロ, ル, ふき","butterbur, bog rhubarb"
"吻","フン, ブン, くちわき, くちさき","proboscis"
"焚","フン, ホン, ハン, た.く, や.く, やきがり","burn, kindle, build a fire, boil, cook"
"頁","ケツ, ぺえじ, おおがい, かしら","page, leaf"
"瞥","ベツ, ヘツ","glance at"
"娩","ベン","bear (children)"
"鞭","ベン, ヘン, むち, むちうつ","whip, rod, counter for whippings"
"圃","ホ, フ, はたけ, にわ","garden, field"
"戊","ボ, ボウ, つちのえ","5th calendar sign"
"蓬","ホウ, ブ, よもぎ","sagebrush, wormwood, mugwort"
"鋒","ホウ, きっさき, とかり, ほこさき","dagger, sword's point, festival car, float"
"卜","ボク, うらな.う, うらない","divining, fortune-telling, divination or katakana to radical (no. 25)"
"殆","タイ, サイ, ほとほと, ほとん.ど, あやうい","almost, quite, really"
"哩","リ, まいる","mile"
"柾","まさ, まさめ, まさき","straight grain, spindle tree, (kokuji)"
"亦","エキ, ヤク, また","also, again"
"沫","マツ, バツ, あわ, しぶき, つばき","splash, suds"
"迄","キツ, まで, およ.ぶ","until, up to, as far as, to the extent"
"麿","まろ","I, you, (kokuji)"
"蔓","マン, バン, はびこ.る, つる","vine, tendril, influence, connections, good offices, spread, sprawl, thrive, rampant, powerful"
"蓑","サ, サイ, みの","straw raincoat"
"椋","リョウ, むく","type of deciduous tree, grey starling"
"姪","テツ, チツ, ジチ, イツ, イチ, めい, おい","niece"
"勿","モチ, ブツ, ボツ, なか.れ, なし","not, must not, do not, be not"
"尤","ユウ, もっと.も, とが.める","reasonable, just, natural, superb, outstanding, plausible"
"籾","もみ","unhulled rice, (kokuji)"
"匁","もんめ, め","monme, 3.75 grams, (kokuji)"
"耶","ヤ, ジャ, か","question mark"
"宥","ユウ, なだ.める, ゆる.す","soothe, calm, pacify"
"輿","ヨ, かご, こし","palanquin, bier, public opinion, the earth"
"傭","ヨウ, チョウ, やと.う, あた.い, ひと.しい","employ, hire"
"蓉","ヨウ","lotus"
"螺","ラ, にし, にな","small, edible, helical fresh-water mollusk"
"裡","リ, うち, うら","reverse, inside, palm, sole, rear, lining, wrong side"
"掠","リャク, リョウ, かす.める, かす.る, かす.れる","pillage, rob, graze, skim, sweep over, cheat, hint"
"諒","リョウ, あきら.か, まことに","fact, reality, understand, appreciate"
"淋","リン, さび.しい, さみ.しい","lonely, deserted"
"琳","リン","jewel, tinkling of jewelry"
"麟","リン","Chinese unicorn, genius, giraffe, bright, shining"
"伶","レイ, リョウ, わざおぎ","actor"
"憐","レン, あわ.れむ, あわ.れ","pity, have mercy, sympathise, compassion"
"漣","レン, ラン, さざなみ","ripples"
"煉","レン, ね.る","refine metals, kneading over fire"
"簾","レン, すだれ, す","bamboo screen, rattan blind"
"櫓","ロ, やぐら, おおだて","oar, tower"
"肋","ロク, あばら","rib"
"亙","コウ, カン, わた.る, もと.める","range, reach, extend, cover"
"椀","ワン, はち","wooden or lacquered bowl"
"碗","ワン, こばち","porcelain bowl, tea cup"
"侑","ユウ, ウ, すす.める, たす.ける","urge to eat"
"俐","リ, かしこ.い","clever"
"凛","リン, きびし.い","cold, strict, severe"
"凰","コウ, オウ, おおとり","female phoenix bird"
"勁","ケイ, つよ.い","strong"
"奎","ケイ, キ","star, god of literature"
"崚","リョウ","mountains towering in a row"
"巖","ガン, いわ, いわお, けわ.しい","rock, crag, boulder"
"巫","フ, みこ, かんなぎ","sorcerer, medium, shrine maiden"
"徠","ライ, きた.す, きた.る, く.る","induce, encourage to come"
"惺","セイ, さと.る","realize"
"昊","コウ, そら","sky, big"
"昴","コウ, ボウ, すばる","the Pleiades"
"晏","アン, おそ.い","late, quiet, sets (sun)"
"晄","コウ, あきらか","clear"
"晨","シン, あした, とき, あさ","morning, early"
"晟","セイ, ジョウ, あきらか","clear"
"栞","カン, しおり","bookmark, guidebook"
"梛","ダ, ナ, なぎ","type of tall evergreen tree"
"椰","ヤ, やし","coconut tree"
"橙","トウ, だいだい","bitter orange"
"櫂","トウ, タク, かい, かじ","oar, scull, paddle"
"洵","ジュン, シュン, の.ぶ, まこと.に","alike, truth"
"渾","コン, すべ.て, にご.る","all, turbidity"
"滉","コウ, ひろ.い","deep and broad (water)"
"澪","レイ, みお","water route, shipping channel"
"煌","コウ, きらめ.く, きら.めく, かがや.く","glitter, gleam, twinkle"
"燎","リョウ, かがりび","burn, bonfire"
"燿","ヨウ, かがや.く, ひかり","shine"
"珈","カ, かみかざり","ornamental hairpin"
"珀","ハク","amber"
"琥","コ","jewelled utensil"
"瑶","ヨウ, たま","beautiful as a jewel"
"眸","ボウ, ム, ひとみ","pupil of the eye"
"祿","ロク, さいわ.い, ふち","fief, allowance, pension, grant, happiness"
"稟","リン, ヒン, こめぐら","salary in rice"
"穰","ジョウ, わら, ゆたか","abundance"
"穹","キュウ, キョウ, あめ, そら","sky"
"笙","ショウ, ソウ, ふえ","a reed instrument"
"綸","リン, カン, いと","thread, silk cloth"
"羚","レイ, リョウ, かもしか","antelope"
"苺","バイ, マイ, いちご","strawberry"
"茉","マツ, バツ, マ","jasmine"
"莉","リ, ライ, レイ","jasmine"
"菫","キン, すみれ","the violet"
"萠","ホウ, も.える, きざ.す, めばえ, きざ.し","show symptoms of, sprout, bud, malt"
"蕾","ライ, つぼみ","bud (plants, mushrooms not yet opened)"
"詢","ジュン, シュン, はか.る, まこと","consult with"
"諄","シュン, ひちくど.い, くど.い, くどくど, ねんご.ろ","tedious"
"迪","テキ, みち, みちび.く, すす.む, いた.る","edify, way, path"
"逞","テイ, たくま.しい","sturdy, brawny, bold"
"釉","ユウ, うわぐすり","glaze, enamel"
"頌","ショウ, ジュ, ヨウ, かたち, たた.える, ほめ.る","eulogy"
"颯","サツ, ソウ, さっ.と","sudden, quick, sound of the wind"
"驍","ギョウ, キョウ, たけし, つよ.い","strong, good horse, gallant, brave, ferocious"
"麒","キ","Chinese unicorn, genius, giraffe, bright, shining"
"堯","ギョウ, たか.い","high, far"
"槇","テン, シン, まき, こずえ","twig, Chinese black pine"
"遙","ヨウ, はる.か","far off, distant, long ago"
"凜","リン, きびし.い","cold, strict, severe"
"熙","キ, たのし.む, ひか.る, ひろ.い, よろこ.ぶ, かわ.く, あきらか, ひろ.める, ひろ.まる","bright, sunny, prosperous, merry"
"俠","キョウ, キャン, おとこだて","chivalrous person, chivalry, knight-errant, tomboy"
"摑","カク, つか.む, つか.まえる, つか.まる","box one's ears, slap"
"焰","エン, ほのお","flame, blaze, glowing, blazing"
"禱","トウ, いの.る, まつ.る","pray, entreat, beg, plead, prayer"
"繡","シュウ, ぬいとり","embroider, embroidery, ornament"
"繫","ケイ, つな.ぐ, かか.る, か.ける","attach, connect, unite, fasten"
"萊","ライ, リ, あかざ, あれわ, こうがい","goosefoot, weed, fallow field"
"蔣","ショウ, ソウ, まこも, はげ.ます","surname, hydropyrum latifalium"
"蠟","ロウ, みつろう, ろうそく","wax, candle, waxy, glazed"
"醬","ショウ, ひしお","any jam-like or paste-like food"
"顚","テン, いただ.き, たお.れる","top, peak, summit, upset"
"鷗","オウ, かもめ","seagull, tern"
"俱","ク, ともに","all, together, accompany"
"吞","ドン, トン, テン, のむ","swallow, absorb, annex, engulf"
"簞","タン, はこ","small bamboo basket for holding"
"蟬","セン, ゼン, せみ","cicada, continuous"
"猪","チョ, いのしし, い","pig"
"渚","ショ, なぎさ",""
"琢","タク, みがく","polish"
"祐","ユウ, たすけ, たすける","help"
"禎","テイ, さいわい",""
