"人","ジン, ニン, ひと, -り, -と","person"
"介","カイ","jammed in, shellfish, mediate, concern oneself with"
"仇","キュウ, グ, あだ, あた, かたき, つれあい","foe, enemy, revenge, grudge, feud"
"今","コン, キン, いま","now"
"什","ジュウ, シュウ","utensil, thing, ten"
"仁","ジン, ニ, ニン","humanity, virtue, benevolence, charity, man, kernel"
"仏","ブツ, フツ, ほとけ","Buddha, the dead, France"
"从","ショウ, ジュウ, ジュ, したが.う, したが.える, より","two people"
"仍","ジョウ, ニョウ, よ.って, しきりに, なお, よる","therefore, consequently"
"仄","ソク, ほの.か, ほの-, ほの.めかす, ほの.めく, かたむ.く","be seen dimly, suggest, intimate, faint, stupid, hint"
"仆","フ, たお.れる","fall, lie down, bend"
"仂","ドウ, リュク, リキ, ロク, リョク, はたら.く","surplus or excess, remainder"
"以","イ, もっ.て","by means of, because, in view of, compared with"
"仕","シ, ジ, つか.える","attend, doing, official, serve"
"仔","シ, こ, た.える","offspring (animal), detailed, fine"
"仙","セン, セント","hermit, wizard, cent"
"他","タ, ほか","other, another, the others"
"代","ダイ, タイ, か.わる, かわ.る, かわ.り, か.わり, -がわ.り, -が.わり, か.える, よ, しろ","substitute, change, convert, replace, period, age, counter for decades of ages, eras, etc., generation, charge, rate, fee"
"付","フ, つ.ける, -つ.ける, -づ.ける, つ.け, つ.け-, -つ.け, -づ.け, -づけ, つ.く, -づ.く, つ.き, -つ.き, -つき, -づ.き, -づき","adhere, attach, refer to, append"
"令","レイ","orders, laws, command, decree, good"
"仗","ジョウ, チョウ, つえ, つわもの, まわり, よる","cane, stick"
"仞","ジン, はか.る","fathom"
"仭","ジン, はか.る","fathom"
"仟","セン, ち, かしら","thousand"
"伊","イ, かれ","Italy, that one"
"仮","カ, ケ, かり, かり-","sham, temporary, interim, assumed (name), informal"
"会","カイ, エ, あ.う, あ.わせる, あつ.まる","meeting, meet, party, association, interview, join"
"企","キ, くわだ.てる, たくら.む","undertake, scheme, design, attempt, plan"
"伎","ギ, キ, わざ, わざおぎ","deed, skill"
"休","キュウ, やす.む, やす.まる, やす.める","rest, day off, retire, sleep"
"仰","ギョウ, コウ, あお.ぐ, おお.せ, お.っしゃる, おっしゃ.る","face-up, look up, depend, seek, respect, revere, drink, take"
"件","ケン, くだん","affair, case, matter, item"
"伍","ゴ, いつつ","five, five-man squad, file, line"
"仲","チュウ, なか","go-between, relationship"
"伝","デン, テン, つた.わる, つた.える, つた.う, つだ.う, -づた.い, つて","transmit, go along, walk along, follow, report, communicate, legend, tradition"
"任","ニン, まか.せる, まか.す","responsibility, duty, term, entrust to, appoint"
"伐","バツ, ハツ, カ, ボチ, き.る, そむ.く, う.つ","fell, strike, attack, punish"
"伏","フク, ふ.せる, ふ.す","prostrated, bend down, bow, cover, lay (pipes)"
"价","カイ","man with shellfish kanji"
"伉","コウ, たぐ.い, なら.ぶ","same kind, compare with"
"伜","サイ, ソツ, ソチ, せがれ","son, my son"
"位","イ, くらい, ぐらい","rank, grade, throne, crown, about, some"
"何","カ, なに, なん, なに-, なん-","what"
"伽","カ, ガ, キャ, ギャ, とぎ","nursing, attending, entertainer"
"佐","サ","assistant, help"
"作","サク, サ, つく.る, つく.り, -づく.り","make, production, prepare, build"
"伺","シ, うかが.う","pay respects, visit, ask, inquire, question, implore"
"似","ジ, に.る, ひ.る","becoming, resemble, counterfeit, imitate, suitable"
"住","ジュウ, ヂュウ, チュウ, す.む, す.まう, -ず.まい","dwell, reside, live, inhabit"
"伸","シン, の.びる, の.ばす, の.べる, の.す","expand, stretch, extend, lengthen, increase"
"体","タイ, テイ, からだ, かたち","body, substance, object, reality, counter for images"
"但","タン, ただ.し","however, but"
"佃","テン, デン, つくだ","cultivated rice field"
"低","テイ, ひく.い, ひく.める, ひく.まる","lower, short, humble"
"伯","ハク","chief, count, earl, uncle, Brazil"
"伴","ハン, バン, ともな.う","consort, accompany, bring with, companion"
"佑","ユウ, ウ, たす.ける","help, assist"
"余","ヨ, あま.る, あま.り, あま.す, あんま.り","too much, myself, surplus, other, remainder"
"伶","レイ, リョウ, わざおぎ","actor"
"佚","イツ, テツ, たのし.む, のが.れる","lost, hide, peace, mistake, beautiful, in turn"
"估","コ, あきな.う, あた.い","price, business, selling"
"佛","ブツ, フツ, ほとけ","France"
"佝","コウ, ク, せむし","foolish, stooped over"
"佗","タ, イ, わび.しい, わび, ほか, わ.びる","proud, lonely"
"佇","チョ, たたず.む","stop, linger, appearance, figure, bearing"
"佞","ネイ, おもね.る, よこしま","flattery, insincerity"
"依","イ, エ, よ.る","reliant, depend on, consequently, therefore, due to"
"価","カ, ケ, あたい","value, price"
"佳","カ","excellent, beautiful, good, pleasing, skilled"
"侃","カン, つよ.い","strong, just, righteous, peace-loving"
"供","キョウ, ク, クウ, グ, そな.える, とも, -ども","submit, offer, present, serve (meal), accompany"
"侠","キョウ, きゃん, おとこだて","tomboy, chivalry"
"佼","キョウ, コウ, こう.す, うつく.しい","beautiful, clever, deceive, sly"
"使","シ, つか.う, つか.い, -つか.い, -づか.い","use, send on a mission, order, messenger, envoy, ambassador, cause"
"侍","ジ, シ, さむらい, はべ.る","waiter, samurai, wait upon, serve"
"舎","シャ, セキ, やど.る","cottage, inn, hut, house, mansion"
"侮","ブ, あなど.る, あなず.る","scorn, despise, make light of, contempt"
"併","ヘイ, あわ.せる","join, get together, unite, collective"
"侭","ジン, まま, ことごとく","as it is, because"
"例","レイ, たと.える","example, custom, usage, precedent"
"佶","キツ, キチ","healthy, correct"
"侈","シ, おご.る","luxury, pride"
"侏","シュ","actor, supporting post"
"侘","タ, わび.しい, ほこ.る, わ.びる","proud, lonely"
"佻","チョウ, ジョウ, ヨウ, かる.い","frivolity"
"佩","ハイ, は.く, お.びる, おびだま","wear, put on (a sword)"
"佰","ヒャク, ハク, おさ","hundred, leader of 100 men, east-west path between paddies"
"侑","ユウ, ウ, すす.める, たす.ける","urge to eat"
"佯","ヨウ, いつわ.る","pretend, feign, false, deceitful"
"來","ライ, タイ, く.る, きた.る, きた.す, き.たす, き.たる","come, due, next, cause, become"
"侖","リン, ロン, おも.う","think, be methodical"
"俄","ガ, にわか","sudden, abrupt, improvised"
"係","ケイ, かか.る, かかり, -がかり, かか.わる","person in charge, connection, duty, concern oneself"
"侯","コウ","marquis, lord, daimyo"
"俊","シュン","sagacious, genius, excellence"
"信","シン","faith, truth, fidelity, trust"
"侵","シン, おか.す","encroach, invade, raid, trespass, violate"
"促","ソク, うなが.す","stimulate, urge, press, demand, incite"
"俗","ゾク","vulgar, customs, manners, worldliness, mundane things"
"便","ベン, ビン, たよ.り","convenience, facility, excrement, feces, letter, chance"
"保","ホ, ホウ, たも.つ","protect, guarantee, keep, preserve, sustain, support"
"俣","また","crotch, thigh, groin, fork, junction, (kokuji)"
"侶","リョ, ロ, とも","companion, follower"
"俔","ケン, たと.える, うかが.う","compare, spy on"
"俟","シ, ま.つ","wait, depend on"
"俎","ソ, ショ, いた, まないた","altar of sacrifice, chopping board"
"俘","フ, とりこ","captive"
"俑","ヨウ, トウ, ユウ","effigy"
"俚","リ, いや.しい","rustic, ill mannered"
"俐","リ, かしこ.い","clever"
"俤","おもかげ","visage, face, trace, shadow, memory, (kokuji)"
"俥","くるま","jinricksha, rickshaw, (kokuji)"
"俺","エン, おれ, われ","I, myself"
"倶","グ, ク, とも.に","both, together, alike"
"倹","ケン, つま.しい, つづまやか","frugal, economy, thrifty"
"個","コ, カ","individual, counter for articles"
"候","コウ, そうろう","climate, season, weather, wait for, expect"
"倖","コウ, しあわ.せ, さいわ.い","happiness, luck"
"借","シャク, か.りる","borrow, rent"
"修","シュウ, シュ, おさ.める, おさ.まる","discipline, conduct oneself well, study, master"
"倉","ソウ, くら","godown, warehouse, storehouse, cellar, treasury"
"値","チ, ね, あたい","price, cost, value"
"倒","トウ, たお.れる, -だお.れ, たお.す, さかさま, さかさ, さかしま","overthrow, fall, collapse, drop, break down"
"俳","ハイ","haiku, actor"
"倍","バイ","double, twice, times, fold"
"俵","ヒョウ, たわら","bag, bale, sack, counter for bags"
"倣","ホウ, なら.う","emulate, imitate"
"俸","ホウ","stipend, salary"
"倫","リン","ethics, companion"
"倭","ワ, イ, やまと, したが.う","Yamato, ancient Japan"
"倚","イ, キ, よ.る, たの.む","lean on, rest against"
"倨","キョ, コ, おご.る","pride, squatting with legs outstretched"
"倔","クツ, つよ.い","stubborn"
"倪","ゲイ, ガイ, きわ","stare"
"倥","コウ, ぬか.る","boorish, urgent"
"倅","サイ, ソツ, ソチ, せがれ","son, my son"
"俶","シュク, テキ, はじめ, よい","beginning, good, excel"
"倡","ショウ, とな.える, わざおぎ","prostitute, actor"
"倩","セン, セイ, つらつら, うつく.しい","carefully, attentively, profoundly"
"倬","タク","large, clear, remarkable"
"俾","フ, ヒ, ヘイ, かしずく, しむ","tutor"
"俯","フ, ふ.す, うつむ.く, ふ.せる","bend down, lie prostrate"
"們","モン, ともがら","plural suffix"
"倆","リョウ, たくみ","skill"
"倏","シュク, たちまち","quick, prompt"
"俱","ク, ともに","all, together, accompany"
"偽","ギ, カ, いつわ.る, にせ, いつわ.り","falsehood, lie, deceive, pretend, counterfeit, forgery"
"偶","グウ, たま","accidentally, even number, couple, man & wife, same kind"
"倦","ケン, あき.る, あぐ.む, あぐ.ねる, う.む, つか.れる","lose interest in, tire of"
"健","ケン, すこ.やか","healthy, health, strength, persistence"
"偲","サイ, シ, しの.ぶ","recollect, remember"
"側","ソク, かわ, がわ, そば","side, lean, oppose, regret"
"停","テイ, と.める, と.まる","halt, stopping"
"偵","テイ","spy"
"偏","ヘン, かたよ.る","partial, side, left-side radical, inclining, biased"
"偃","エン, ふ.せる","dam, weir"
"假","カ, ケ, かり, かり.る","temporary, interim, assumed (name), informal"
"偕","カイ, ともに","together"
"偈","ゲ, ケツ, ケイ, いこ.う","verse in praise of Buddha, fast, healthy, rest"
"做","サ, サク, ソ, な.す, つく.る","make"
"偖","シャ, さて","well, now"
"偬","ソウ, くる.しむ","feel pain, suffer"
"偸","ツ, トウ, チュウ, ぬす.む","steal"
"偉","イ, えら.い","admirable, greatness, remarkable, conceited, famous, excellent"
"僅","キン, ゴン, わず.か","a wee bit"
"傘","サン, かさ","umbrella"
"備","ビ, そな.える, そな.わる, つぶさ.に","equip, provision, preparation"
"傍","ボウ, かたわ.ら, わき, おか-, はた, そば","bystander, side, besides, while, nearby, third person"
"傀","カイ, おおき.い","large"
"傚","コウ, なら.う","imitate, follow, emulate"
"傅","フ, かしず.く, つく, もり","tutor"
"傾","ケイ, かたむ.く, かたむ.ける, かたぶ.く, かた.げる, かし.げる","lean, incline, tilt, trend, wane, sink, ruin, bias"
"傑","ケツ, すぐ.れる","greatness, excellence"
"債","サイ","bond, loan, debt"
"催","サイ, もよう.す, もよお.す","sponsor, hold (a meeting), give (a dinner)"
"傷","ショウ, きず, いた.む, いた.める","wound, hurt, injure, impair, pain, injury, cut, gash, scar, weak point"
"僧","ソウ","Buddhist priest, monk"
"働","ドウ, はたら.く","work, (kokuji)"
"傭","ヨウ, チョウ, やと.う, あた.い, ひと.しい","employ, hire"
"傴","ク, ウ, かが.む, せむし","bend over, stoop, bow"
"傲","ゴウ, おご.る, あなど.る","be proud"
"僉","セン, みな","all"
"僊","セン","hermit"
"傳","テン, デン, つた.わる, つた.える, つた.う, つて","summon, propagate, transmit"
"僂","ロウ, ル, かが.む","bend over"
"僑","キョウ","expatriate, person living abroad, temporary home"
"像","ゾウ","statue, picture, image, figure, portrait"
"僕","ボク, しもべ","me, I (male), servant, manservant"
"僚","リョウ","colleague, official, companion"
"僖","キ, よろこ.ぶ","enjoyment, pleasure"
"僥","ギョウ, キョウ","luck, seek, desire"
"僭","シン, セン, せん.する, おご.る","boastfully usurp"
"僣","シン, セン, せん.する, おご.る","boastfully usurp"
"僮","トウ, ドウ, しもべ, わらべ","child, servant, foolishness"
"儁","シュン, すぐ.れる","excellence, talented person"
"億","オク","hundred million, 10**8"
"儀","ギ","ceremony, rule, affair, case, a matter"
"僻","ヘキ, ヒ, ヘイ, へき.する, ひが.む","prejudice, bias, rural area"
"舗","ホ","shop, store, pave"
"價","カ, ケ, あたい","price, value"
"僵","キョウ, たお.れる","fall down, collapse"
"儂","ドウ, ノウ, わし, かれ","I, my, he, his, me (used by old people)"
"儚","ボウ, モウ, はかな.い, くら.い","fleeting, fickle"
"儒","ジュ","Confucian"
"儘","ジン, まま, ことごとく","as it is, because"
"儕","セイ, サイ, ともがら","companion"
"儔","チュウ, ジュ, ともがら","companion, similar kind"
"償","ショウ, つぐな.う","reparation, make up for, recompense, redeem"
"儲","チョ, もう.ける, もう.かる, もうけ, たくわ.える","be profitable, yield profit"
"優","ユウ, ウ, やさ.しい, すぐ.れる, まさ.る","tenderness, excel, surpass, actor, superiority, gentleness"
"儡","ライ","defeat"
"儺","ナ, ダ, おにやらい","exorcism"
"儷","レイ, つれあい, ならぶ","companion"
"儼","ゲン, いかめ.しい, おごそか","serious, untouched, solemnly, majestically"
"儻","トウ, あるいは, すぐ.れる, もし","excel, surpass, if, perhaps"
